LOGIN_ANALYST_mdl_db,2026-05-05 12:49:35
SHIFT_STARTED_WITH_10_CASES,2026-05-05 12:49:45
CLAIM_INCIDENT,2026-05-05 12:49:45
BLOCK_TRAFFIC,2026-05-05 12:49:56
CLAIM_INCIDENT,2026-05-05 12:49:56
BLOCK_TRAFFIC,2026-05-05 12:50:01
CLAIM_INCIDENT,2026-05-05 12:50:01
BLOCK_TRAFFIC,2026-05-05 12:50:10
CLAIM_INCIDENT,2026-05-05 12:50:10
BLOCK_TRAFFIC,2026-05-05 12:50:12
CLAIM_INCIDENT,2026-05-05 12:50:12
ALLOW_TRAFFIC,2026-05-05 12:50:17
CLAIM_INCIDENT,2026-05-05 12:50:17
ALLOW_TRAFFIC,2026-05-05 12:50:22
CLAIM_INCIDENT,2026-05-05 12:50:22
ALLOW_TRAFFIC,2026-05-05 12:50:24
CLAIM_INCIDENT,2026-05-05 12:50:24
ALLOW_TRAFFIC,2026-05-05 12:50:25
CLAIM_INCIDENT,2026-05-05 12:50:26
ALLOW_TRAFFIC,2026-05-05 12:50:27
CLAIM_INCIDENT,2026-05-05 12:50:27
ALLOW_TRAFFIC,2026-05-05 12:50:32
BOUGHT_HP,2026-05-05 12:50:57
ADMIN_LOGIN_SUCCESS,2026-05-05 12:51:21
ADMIN_LOGIN_SUCCESS,2026-05-05 13:08:53
LOGIN_ANALYST_mdl_db,2026-05-05 13:09:04
SHIFT_STARTED_WITH_10_CASES,2026-05-05 13:09:06
CLAIM_INCIDENT,2026-05-05 13:09:06
BLOCK_TRAFFIC,2026-05-05 13:10:03
CLAIM_INCIDENT,2026-05-05 13:10:03
BLOCK_TRAFFIC,2026-05-05 13:10:18
CLAIM_INCIDENT,2026-05-05 13:10:18
BLOCK_TRAFFIC,2026-05-05 13:10:26
CLAIM_INCIDENT,2026-05-05 13:10:26
BLOCK_TRAFFIC,2026-05-05 13:10:33
CLAIM_INCIDENT,2026-05-05 13:10:33
ALLOW_TRAFFIC,2026-05-05 13:10:37
CLAIM_INCIDENT,2026-05-05 13:10:37
ALLOW_TRAFFIC,2026-05-05 13:10:52
CLAIM_INCIDENT,2026-05-05 13:10:52
ALLOW_TRAFFIC,2026-05-05 13:10:57
CLAIM_INCIDENT,2026-05-05 13:10:57
ALLOW_TRAFFIC,2026-05-05 13:11:02
CLAIM_INCIDENT,2026-05-05 13:11:02
ALLOW_TRAFFIC,2026-05-05 13:11:03
CLAIM_INCIDENT,2026-05-05 13:11:03
ALLOW_TRAFFIC,2026-05-05 13:11:09
LOGIN_ANALYST_mdl_db,2026-05-05 13:22:06
SHIFT_STARTED_WITH_10_CASES,2026-05-05 13:22:07
CLAIM_INCIDENT,2026-05-05 13:22:07
SLA_BREACH_CRITICAL,2026-05-05 13:22:55
CLAIM_INCIDENT,2026-05-05 13:22:55
SLA_BREACH_CRITICAL,2026-05-05 13:23:15
CLAIM_INCIDENT,2026-05-05 13:23:15
BLOCK_TRAFFIC,2026-05-05 13:23:21
CLAIM_INCIDENT,2026-05-05 13:23:21
ALLOW_TRAFFIC,2026-05-05 13:23:31
CLAIM_INCIDENT,2026-05-05 13:23:31
ALLOW_TRAFFIC,2026-05-05 13:23:38
CLAIM_INCIDENT,2026-05-05 13:23:38
ALLOW_TRAFFIC,2026-05-05 13:23:42
CLAIM_INCIDENT,2026-05-05 13:23:42
ALLOW_TRAFFIC,2026-05-05 13:23:46
CLAIM_INCIDENT,2026-05-05 13:23:46
ALLOW_TRAFFIC,2026-05-05 13:23:54
CLAIM_INCIDENT,2026-05-05 13:23:54
SENIOR_ANALYST_CALLED,2026-05-05 13:23:57
CLAIM_INCIDENT,2026-05-05 13:23:57
SENIOR_ANALYST_CALLED,2026-05-05 13:24:00
